-- phpMyAdmin SQL Dump
-- version 5.1.0
-- https://www.phpmyadmin.net/
--
-- Host: 127.0.0.1
-- Generation Time: Jul 30, 2022 at 09:05 AM
-- Server version: 10.4.18-MariaDB
-- PHP Version: 7.4.16

SET SQL_MODE = "NO_AUTO_VALUE_ON_ZERO";
START TRANSACTION;
SET time_zone = "+00:00";


/*!40101 SET @OLD_CHARACTER_SET_CLIENT=@@CHARACTER_SET_CLIENT */;
/*!40101 SET @OLD_CHARACTER_SET_RESULTS=@@CHARACTER_SET_RESULTS */;
/*!40101 SET @OLD_COLLATION_CONNECTION=@@COLLATION_CONNECTION */;
/*!40101 SET NAMES utf8mb4 */;

--
-- Database: `digitalsign`
--

-- --------------------------------------------------------

--
-- Table structure for table `data_dokumen`
--

CREATE TABLE `data_dokumen` (
  `id_data_dokumen` int(11) UNSIGNED NOT NULL,
  `signature_pad` varchar(255) NOT NULL,
  `data_uri` text NOT NULL,
  `id_kegiatan` int(11) UNSIGNED NOT NULL
) ENGINE=InnoDB DEFAULT CHARSET=utf8mb4;

--
-- Dumping data for table `data_dokumen`
--

INSERT INTO `data_dokumen` (`id_data_dokumen`, `signature_pad`, `data_uri`, `id_kegiatan`) VALUES
(15, 'pic_20220722154608.png', 'data:image/jpeg;base64,/9j/4AAQSkZJRgABAQAAAQABAAD/4gIoSUNDX1BST0ZJTEUAAQEAAAIYAAAAAAQwAABtbnRyUkdCIFhZWiAAAAAAAAAAAAAAAABhY3NwAAAAAAAAAAAAAAAAAAAAAAAAAAAAAAAAAAAAAQAA9tYAAQAAAADTLQAAAAAAAAAAAAAAAAAAAAAAAAAAAAAAAAAAAAAAAAAAAAAAAAAAAAAAAAAAAAAAAAAAAAlkZXNjAAAA8AAAAHRyWFlaAAABZAAAABRnWFlaAAABeAAAABRiWFlaAAABjAAAABRyVFJDAAABoAAAAChnVFJDAAABoAAAAChiVFJDAAABoAAAACh3dHB0AAAByAAAABRjcHJ0AAAB3AAAADxtbHVjAAAAAAAAAAEAAAAMZW5VUwAAAFgAAAAcAHMAUgBHAEIAAAAAAAAAAAAAAAAAAAAAAAAAAAAAAAAAAAAAAAAAAAAAAAAAAAAAAAAAAAAAAAAAAAAAAAAAAAAAAAAAAAAAAAAAAAAAAAAAAAAAAAAAAFhZWiAAAAAAAABvogAAOPUAAAOQWFlaIAAAAAAAAGKZAAC3hQAAGNpYWVogAAAAAAAAJKAAAA+EAAC2z3BhcmEAAAAAAAQAAAACZmYAAPKnAAANWQAAE9AAAApbAAAAAAAAAABYWVogAAAAAAAA9tYAAQAAAADTLW1sdWMAAAAAAAAAAQAAAAxlblVTAAAAIAAAABwARwBvAG8AZwBsAGUAIABJAG4AYwAuACAAMgAwADEANv/bAEMAEAsMDgwKEA4NDhIREBMYKBoYFhYYMSMlHSg6Mz08OTM4N0BIXE5ARFdFNzhQbVFXX2JnaGc+TXF5cGR4XGVnY//bAEMBERISGBUYLxoaL2NCOEJjY2NjY2NjY2NjY2NjY2NjY2NjY2NjY2NjY2NjY2NjY2NjY2NjY2NjY2NjY2NjY2NjY//AABEIAHgAeAMBIgACEQEDEQH/xAAaAAACAwEBAAAAAAAAAAAAAAAAAgEDBQQG/8QAMBAAAgIBAgMFBgcBAAAAAAAAAAECEQMEIQUSMQYTIkFRMmFxcpGxFDM0UoGhwdH/xAAWAQEBAQAAAAAAAAAAAAAAAAAAAQL/xAAWEQEBAQAAAAAAAAAAAAAAAAAAARH/2gAMAwEAAhEDEQA/AFQ8VbRXF7F2L2ipF8UWxQkSyIUyQ1EIYgAoAAKIaJFbAVoRodiSKEZWx5CNhCsCJMAjngzow9bOWHU68PQjS+JYiuJYgHRIqJsCQsiyLIJZDCyGwIYjJbFZQkitjyK5ALJgQ2BUc+M7ce0UcWLdo7YmVWxHTK0x0wHTJsSyHJJNt0gp7I5jD4hxmm8ema26z/4YebUzyyucnJ+rdjB7jmIbPHaLiGXSZE4SuPnF9Geq0+ohqcMcmN2pf0Bc2K2FithCyK5DyZXIoSTAiQAV4FujricuA6UQWpjJiJjWFNZjcc1zgvw8JVaudfY1pSpWeO1mZ5tRPI3fM2IKpzKyLtjARdGtwLWd1qO5k/Bk6e5mSTjm4ZFJdU7QHubIbKdPmWbBDIukkmOyCGxGMxGVCSAibAoMHsnQijF7KLogWJk2ImNZFcvFM3daHLLza5fqeRnLc9F2gy8ulhBPeUrr4Hm5MRAnQyaYl7Er3BTtpCN77A3bIdUB6fgeZZNCoWrg6aNFs8xwTP3WsjFulPwv/D01gQ2JIZiMISTAWQAPB7FqZRBlsSixMmxUTZFYnaKVywx9E2YiVyo2O0X5uL5WZGPqBDhTGhEltUQpJK/MKWS3YcrobmTdg2qCLeH/AK3D88fuetvY8vwjD3uuhttDxP8Ag9OKgZWxmxGyBJARIChostTKYssiyi1MLFTK9TmWHTzyftVogxOP5FLUwinfLHdehlwdNk5JucnJttt22/MrsoschXVi2QA10F2KMgN3s/jqGXK/NpI17OLhWPutBjvrLxfU7GyCJMRslsVsBZAQ2ARMZDqQAUNzGXxzVcuKOGL3lu/gABWC2QAAQAAAD41zZIx9XQAB6+CUYRiqSSpA5ABArYrkABCt7AAAf//Z', 1),
(16, 'pic_20220723094347.png', 'data:image/jpeg;base64,/9j/4AAQSkZJRgABAQAAAQABAAD/4gIoSUNDX1BST0ZJTEUAAQEAAAIYAAAAAAQwAABtbnRyUkdCIFhZWiAAAAAAAAAAAAAAAABhY3NwAAAAAAAAAAAAAAAAAAAAAAAAAAAAAAAAAAAAAQAA9tYAAQAAAADTLQAAAAAAAAAAAAAAAAAAAAAAAAAAAAAAAAAAAAAAAAAAAAAAAAAAAAAAAAAAAAAAAAAAAAlkZXNjAAAA8AAAAHRyWFlaAAABZAAAABRnWFlaAAABeAAAABRiWFlaAAABjAAAABRyVFJDAAABoAAAAChnVFJDAAABoAAAAChiVFJDAAABoAAAACh3dHB0AAAByAAAABRjcHJ0AAAB3AAAADxtbHVjAAAAAAAAAAEAAAAMZW5VUwAAAFgAAAAcAHMAUgBHAEIAAAAAAAAAAAAAAAAAAAAAAAAAAAAAAAAAAAAAAAAAAAAAAAAAAAAAAAAAAAAAAAAAAAAAAAAAAAAAAAAAAAAAAAAAAAAAAAAAAAAAAAAAAFhZWiAAAAAAAABvogAAOPUAAAOQWFlaIAAAAAAAAGKZAAC3hQAAGNpYWVogAAAAAAAAJKAAAA+EAAC2z3BhcmEAAAAAAAQAAAACZmYAAPKnAAANWQAAE9AAAApbAAAAAAAAAABYWVogAAAAAAAA9tYAAQAAAADTLW1sdWMAAAAAAAAAAQAAAAxlblVTAAAAIAAAABwARwBvAG8AZwBsAGUAIABJAG4AYwAuACAAMgAwADEANv/bAEMAEAsMDgwKEA4NDhIREBMYKBoYFhYYMSMlHSg6Mz08OTM4N0BIXE5ARFdFNzhQbVFXX2JnaGc+TXF5cGR4XGVnY//bAEMBERISGBUYLxoaL2NCOEJjY2NjY2NjY2NjY2NjY2NjY2NjY2NjY2NjY2NjY2NjY2NjY2NjY2NjY2NjY2NjY2NjY//AABEIAHgAeAMBIgACEQEDEQH/xAAbAAABBQEBAAAAAAAAAAAAAAACAAEDBAYFB//EACYQAAICAgEEAgMAAwAAAAAAAAABAgMEESEFEjFBEyIGUXEVMmH/xAAXAQEBAQEAAAAAAAAAAAAAAAABAAID/8QAFxEBAQEBAAAAAAAAAAAAAAAAAAERMf/aAAwDAQACEQMRAD8Ay7WgUuS5nY8qbmmuCvFcm0UY8lip9r2RxJImS0vR8xSgoSfPo7KSfJi8W6VU00/BqcDLjfWueRFgeq4ayMZtL7Ix1tThNxfo9B0pJp+GZTrmE6LnOK+rAxw5Lkbt2G0NvSJBa0S1EWthxeiLoYlzrsUl6NVjWq6lSRi65aO70fL0/jkxlZsdySEM3tCNObi9VwldS5pcozcoOMmtco20YqUO1+0ZzquG6LnJeGVbjmpBxGSCXkw3Bx4L2FkypmtMookiwa61+Hlxuh55Dz8WvMxXHhy9GYx8mVbTT0XP83bjw1GCl7TYs2Y4uXjyx7pQknwyt2nUz+oV5sU5Vdk/ejmPySPpaAa0FsaRI8ZFvHtcJqSfgo70FGbRJtcPIV9CafoRw+k5nZPsb4YjUrnY71T4RFn4yyKHxykHU/qieIWmMZbU67HF+gNHb61h9r+SC4ONomoS4CTA8cjp7ZlqJU/0OpNSW+QEw9cA2jyIp865Kie3ouS+0XF+fRzrNwma1izE3gZiT7kMyRpA92hMCRBZotcZJpiKqk0Ig3tT4RYgVqnwWIsQWRSrqXFoyuVS6bnFo1yOX1fE74fJFcoCzk/0KC0FKPOn5BfBGHX+xMiGP7JEwblKSK2TV8ke6PlFreyOXDA2a51UmrFF+2WMil1T01/CLIr1Z3LwdvIxo5PSqbq2nOEUpr9M05uGyNhyTTAaJAbEM0ImW9pf1RYgypU+EWYMksJjyipxcX4YEQ9gmZ6piPHtcl4ZQ1vyarqNCux3xtrwZeX1k0/RNQGh9iYL4JqJEwZPYKYtg1qGzT4Z1fx+2HyW41niyK1v9o5VpLhXdt0X7TFim6pjPGyJx1xs57ZqvyDHV2Oroc8GUkTIJMQmIQ3NL4LMJFKqRYhIktphbIYsNMCezmt/wyV3MmzWb2jM9Qq+DKnD03tfxgYp7FtAS8i2KPsTYLYLYmUrHwV+9xlteiWbIWgVdrG6tCWFKnIe+OGcS3Tm3HwN4QzZMgkIaQhDYVyLMJf9KVcieExS7GRKpFSEyRTBJ+45fW6u+qN0fMXp/wAL3etkV6VtU65eJLRkslbN70h4y4HvrlXZKMuJJ6IoxYlL3AyYzbj5GclryKM3yC+RN/of0SAwJBsCXkgBiHYiDSwnwTRnoQhCaMyRTEICTn7G+TXsQjKcTrU6o2Qkmu9+Uc35kvYhCYGd2we8QiQlzyE3wIQpHJgt+xCJAb4EIRB//9k=', 5),
(17, 'pic_20220727040805.png', 'data:image/jpeg;base64,/9j/4AAQSkZJRgABAQAAAQABAAD/4gIoSUNDX1BST0ZJTEUAAQEAAAIYAAAAAAQwAABtbnRyUkdCIFhZWiAAAAAAAAAAAAAAAABhY3NwAAAAAAAAAAAAAAAAAAAAAAAAAAAAAAAAAAAAAQAA9tYAAQAAAADTLQAAAAAAAAAAAAAAAAAAAAAAAAAAAAAAAAAAAAAAAAAAAAAAAAAAAAAAAAAAAAAAAAAAAAlkZXNjAAAA8AAAAHRyWFlaAAABZAAAABRnWFlaAAABeAAAABRiWFlaAAABjAAAABRyVFJDAAABoAAAAChnVFJDAAABoAAAAChiVFJDAAABoAAAACh3dHB0AAAByAAAABRjcHJ0AAAB3AAAADxtbHVjAAAAAAAAAAEAAAAMZW5VUwAAAFgAAAAcAHMAUgBHAEIAAAAAAAAAAAAAAAAAAAAAAAAAAAAAAAAAAAAAAAAAAAAAAAAAAAAAAAAAAAAAAAAAAAAAAAAAAAAAAAAAAAAAAAAAAAAAAAAAAAAAAAAAAFhZWiAAAAAAAABvogAAOPUAAAOQWFlaIAAAAAAAAGKZAAC3hQAAGNpYWVogAAAAAAAAJKAAAA+EAAC2z3BhcmEAAAAAAAQAAAACZmYAAPKnAAANWQAAE9AAAApbAAAAAAAAAABYWVogAAAAAAAA9tYAAQAAAADTLW1sdWMAAAAAAAAAAQAAAAxlblVTAAAAIAAAABwARwBvAG8AZwBsAGUAIABJAG4AYwAuACAAMgAwADEANv/bAEMAEAsMDgwKEA4NDhIREBMYKBoYFhYYMSMlHSg6Mz08OTM4N0BIXE5ARFdFNzhQbVFXX2JnaGc+TXF5cGR4XGVnY//bAEMBERISGBUYLxoaL2NCOEJjY2NjY2NjY2NjY2NjY2NjY2NjY2NjY2NjY2NjY2NjY2NjY2NjY2NjY2NjY2NjY2NjY//AABEIAHgAeAMBIgACEQEDEQH/xAAaAAEBAQEBAQEAAAAAAAAAAAACAQAFAwQG/8QAGBABAQEBAQAAAAAAAAAAAAAAAAERMUH/xAAYAQEBAQEBAAAAAAAAAAAAAAAAAQIEA//EABYRAQEBAAAAAAAAAAAAAAAAAAABEf/aAAwDAQACEQMRAD8A/IRUiwFxUWCquNCnUbkaRZGkKQakaRcXFxWsaQ5EkODWJhSNIUVcbGKRmjHIhQYUYciriFBqLCkSFIj0kWEkUaiyLI0KDTQ4kKK0s4UiFFVWbxlVx4UGEy4lhQYURqFCgw4PSKsRRsosSELChSDCVpSg6o0WsOsqOTCgwkcSwoJRGoUOBCg9ISxFg3ChQYUGoUUVFLW0W1VK1gtYTXOhQIQ4yhQIURqHCgQoNw4oyqNwoQRdGjbR1tF0tTRtTQ0rWG1lZ18UKDCHKqwVGjlKAsRuU4QSlKNSkujraNaWtotourampamjOraw2srOvniwYQ8VUVFJZQWUWU5Slecq6jUpyroa2jWnraOpoaVqWjrarOraw6wmvKKzDCszArRmFXW1mFXW1mFbW1mE1NbWYRNZmB//2Q==', 6);

-- --------------------------------------------------------

--
-- Table structure for table `dokumen`
--

CREATE TABLE `dokumen` (
  `id_dokumen` int(11) UNSIGNED NOT NULL,
  `id_kegiatan` int(11) UNSIGNED NOT NULL,
  `id_peserta` int(11) UNSIGNED NOT NULL,
  `qr_code` varchar(255) NOT NULL,
  `created_at` datetime NOT NULL,
  `updated_at` datetime NOT NULL
) ENGINE=InnoDB DEFAULT CHARSET=utf8mb4;

--
-- Dumping data for table `dokumen`
--

INSERT INTO `dokumen` (`id_dokumen`, `id_kegiatan`, `id_peserta`, `qr_code`, `created_at`, `updated_at`) VALUES
(96, 1, 1, 'upload_qr/1qr_20220722154745.png', '2022-07-22 15:47:42', '2022-07-22 15:47:42'),
(97, 1, 2, 'upload_qr/2qr_20220722154748.png', '2022-07-22 15:47:45', '2022-07-22 15:47:45'),
(98, 1, 3, 'upload_qr/3qr_20220722154751.png', '2022-07-22 15:47:48', '2022-07-22 15:47:48'),
(99, 1, 4, 'upload_qr/4qr_20220722154753.png', '2022-07-22 15:47:51', '2022-07-22 15:47:51'),
(100, 1, 5, 'upload_qr/5qr_20220722154755.png', '2022-07-22 15:47:53', '2022-07-22 15:47:53'),
(101, 1, 6, 'upload_qr/6qr_20220722154757.png', '2022-07-22 15:47:55', '2022-07-22 15:47:55'),
(102, 1, 7, 'upload_qr/7qr_20220722154800.png', '2022-07-22 15:47:58', '2022-07-22 15:47:58'),
(103, 1, 8, 'upload_qr/8qr_20220722154803.png', '2022-07-22 15:48:00', '2022-07-22 15:48:00'),
(110, 5, 9, 'upload_qr/1qr_20220723094410.png', '2022-07-23 09:44:09', '2022-07-23 09:44:09'),
(141, 5, 10, 'upload_qr/1qr_20220724123635.png', '2022-07-24 12:36:32', '2022-07-24 12:36:32'),
(142, 5, 11, 'upload_qr/2qr_20220724123637.png', '2022-07-24 12:36:35', '2022-07-24 12:36:35'),
(143, 6, 12, 'upload_qr/1qr_20220727040850.png', '2022-07-27 04:08:47', '2022-07-27 04:08:47'),
(144, 6, 13, 'upload_qr/2qr_20220727040914.png', '2022-07-27 04:08:51', '2022-07-27 04:08:51');

-- --------------------------------------------------------

--
-- Table structure for table `kegiatan`
--

CREATE TABLE `kegiatan` (
  `id_kegiatan` int(11) UNSIGNED NOT NULL,
  `nama_kegiatan` varchar(255) NOT NULL,
  `tema_kegiatan` varchar(255) NOT NULL,
  `tanggal_kegiatan` date DEFAULT NULL,
  `pemateri` varchar(255) NOT NULL,
  `status` varchar(10) NOT NULL DEFAULT '1'
) ENGINE=InnoDB DEFAULT CHARSET=utf8mb4;

--
-- Dumping data for table `kegiatan`
--

INSERT INTO `kegiatan` (`id_kegiatan`, `nama_kegiatan`, `tema_kegiatan`, `tanggal_kegiatan`, `pemateri`, `status`) VALUES
(1, 'AI for Junior Developer', 'Applying DevOps in AI Mobile And Web Development', '2022-06-15', 'Nicholas Saputra', '2'),
(5, 'Flutter for Junior Developer', 'Applying DevOps in Flutter Mobile Development', '2022-07-22', 'Robert Budi', '2'),
(6, 'React For Junior Developer', 'Applying DevOps in React Mobile Development', '2022-07-25', 'Nadim Makarim', '2');

-- --------------------------------------------------------

--
-- Table structure for table `peserta`
--

CREATE TABLE `peserta` (
  `id_peserta` int(11) UNSIGNED NOT NULL,
  `id_kegiatan` int(11) UNSIGNED NOT NULL,
  `nama_peserta` varchar(255) NOT NULL,
  `status` varchar(10) NOT NULL DEFAULT '1'
) ENGINE=InnoDB DEFAULT CHARSET=utf8mb4;

--
-- Dumping data for table `peserta`
--

INSERT INTO `peserta` (`id_peserta`, `id_kegiatan`, `nama_peserta`, `status`) VALUES
(1, 1, 'Hana Afriliza', '2'),
(2, 1, 'Lita Amelia', '2'),
(3, 1, 'Windy Desty Ariany', '2'),
(4, 1, 'Jonathan Michael', '2'),
(5, 1, 'Suci Hasanah Bertha', '2'),
(6, 1, 'Sassya Salsabilla', '2'),
(7, 1, 'Rahmayanti Kurniasih', '2'),
(8, 1, 'Ahmad Julio Rizky', '2'),
(9, 5, 'Aulia Ahmad Nabil', '2'),
(10, 5, 'Melinda Saputri', '2'),
(11, 5, 'Yuni Isnaini Asifah', '2'),
(12, 6, 'Rifky Daffa Laudza', '2'),
(13, 6, 'Ivana Azzhara Putri', '2');

--
-- Indexes for dumped tables
--

--
-- Indexes for table `data_dokumen`
--
ALTER TABLE `data_dokumen`
  ADD PRIMARY KEY (`id_data_dokumen`),
  ADD KEY `id_kegiatan` (`id_kegiatan`);

--
-- Indexes for table `dokumen`
--
ALTER TABLE `dokumen`
  ADD PRIMARY KEY (`id_dokumen`),
  ADD KEY `kegiatan_id_kegiatan_foreign` (`id_kegiatan`),
  ADD KEY `dokumen_ibfk_2` (`id_peserta`);

--
-- Indexes for table `kegiatan`
--
ALTER TABLE `kegiatan`
  ADD PRIMARY KEY (`id_kegiatan`);

--
-- Indexes for table `peserta`
--
ALTER TABLE `peserta`
  ADD PRIMARY KEY (`id_peserta`),
  ADD KEY `id_kegiatan` (`id_kegiatan`);

--
-- AUTO_INCREMENT for dumped tables
--

--
-- AUTO_INCREMENT for table `data_dokumen`
--
ALTER TABLE `data_dokumen`
  MODIFY `id_data_dokumen` int(11) UNSIGNED NOT NULL AUTO_INCREMENT, AUTO_INCREMENT=18;

--
-- AUTO_INCREMENT for table `dokumen`
--
ALTER TABLE `dokumen`
  MODIFY `id_dokumen` int(11) UNSIGNED NOT NULL AUTO_INCREMENT, AUTO_INCREMENT=145;

--
-- AUTO_INCREMENT for table `kegiatan`
--
ALTER TABLE `kegiatan`
  MODIFY `id_kegiatan` int(11) UNSIGNED NOT NULL AUTO_INCREMENT, AUTO_INCREMENT=7;

--
-- AUTO_INCREMENT for table `peserta`
--
ALTER TABLE `peserta`
  MODIFY `id_peserta` int(11) UNSIGNED NOT NULL AUTO_INCREMENT, AUTO_INCREMENT=14;

--
-- Constraints for dumped tables
--

--
-- Constraints for table `data_dokumen`
--
ALTER TABLE `data_dokumen`
  ADD CONSTRAINT `data_dokumen_ibfk_1` FOREIGN KEY (`id_kegiatan`) REFERENCES `kegiatan` (`id_kegiatan`);

--
-- Constraints for table `dokumen`
--
ALTER TABLE `dokumen`
  ADD CONSTRAINT `dokumen_ibfk_1` FOREIGN KEY (`id_kegiatan`) REFERENCES `kegiatan` (`id_kegiatan`),
  ADD CONSTRAINT `dokumen_ibfk_2` FOREIGN KEY (`id_peserta`) REFERENCES `peserta` (`id_peserta`);

--
-- Constraints for table `peserta`
--
ALTER TABLE `peserta`
  ADD CONSTRAINT `peserta_ibfk_1` FOREIGN KEY (`id_kegiatan`) REFERENCES `kegiatan` (`id_kegiatan`);
COMMIT;

/*!40101 SET CHARACTER_SET_CLIENT=@OLD_CHARACTER_SET_CLIENT */;
/*!40101 SET CHARACTER_SET_RESULTS=@OLD_CHARACTER_SET_RESULTS */;
/*!40101 SET COLLATION_CONNECTION=@OLD_COLLATION_CONNECTION */;
